Model,MAE,RMSE,MAPE
SARIMA,19244.485342503252,19950.070418779847,0.20526431983536764
Prophet,20250.794427610937,22318.41136551923,0.21864628287701435
XGBoost,14690.360104166664,20506.416384663185,0.13909815280867616
