Demand Segment,Number_of_Products,Average_Sales,Total_Sales
High Demand,16,21114.7965375,337836.7446
Low Demand,1655,550.3301534743202,910796.404
Medium Demand,178,5690.469854494382,1012903.6341
